Club Name,Latitude,Longitude
Real Oviedo,37.8186509,-3.6228317
Real Madrid,40.4167047,-3.7035825
Deportivo de La Coruña,43.4819412,-8.192607709697867
Rayo Vallecano,40.377091050000004,-3.6140329350855245
UE Lleida (liq.),41.6147605,0.6267842
Sevilla FC,37.330458699999994,-5.831198728866945
FC Girondins Bordeaux,44.875437500000004,-0.6708793480998616
Athletic Bilbao,43.2625346,-2.9466836
CD Logroñés (liq.),42.4512556,-2.4554232
RCD Espanyol Barcelona,41.4265307,2.213422533436816
Valencia CF,39.4690398,-0.3766507
Southampton FC,50.88877075,-1.46129908153644
AC Parma,44.8013678,10.3280833
Feyenoord Rotterdam,51.8957409,4.5242452
CP Mérida (diss.),38.9174665,-6.3443977
Real Betis Balompié,37.308368349999995,-5.948074387220609
Sporting Gijón,43.5359359,-5.6623714
Albacete Balompié,38.9821916,-1.8585481
CD Tenerife,28.2935785,-16.621447121144122
Manchester United,53.4649481,-2.2906349
Olympique Marseille,43.2907408,5.3792392
Boavista FC,38.720324,-27.0632532
1. FC Köln,50.938361,6.959974
FC Internazionale,45.4668,9.1905
Deportivo Alavés,42.8466909,-2.6728083
Chelsea FC,51.5073219,-0.1276474
SS Lazio,41.8933203,12.4829321
Celta de Vigo,42.2127744,-8.7372567
Olympique Lyon,45.7616226,4.985105
Málaga CF,36.7213028,-4.4216366
Fortuna Sittard,50.991989649999994,5.84361075703813
Paris Saint-Germain,48.8497218,2.3505438
SL Benfica,38.7523816,-9.1830994
Villarreal CF,39.9372616,-0.1004465
Sporting CP,53.1905082,-1.174663036028258
Arsenal FC,51.5073219,-0.1276474
Liverpool FC,53.4071991,-2.99168
FC Porto,41.1611197,-8.5823857
Portsmouth FC,50.8036831,-1.075614
Middlesbrough FC,54.5791464,-1.2345092
Real Zaragoza,41.8153219,-1.2132175
Bayern Munich,48.1371079,11.5753822
RCD Mallorca,39.5698125,2.6494242
FK Moskau,55.7067586,37.6586238
AS Roma,41.8933203,12.4829321
Atlético Madrid,40.3756938,-3.7422328
Ajax Amsterdam,52.3121097,4.9309435
CD Numancia,-34.6111693,-58.4327273
Bayer 04 Leverkusen,51.0222804,6.9885981
Tottenham Hotspur,51.60425835,-0.0661891
AC Milan,45.4668,9.1905
AS Monaco,43.73844905,7.424224092532953
VfB Stuttgart,48.8021332,9.2178265
Juventus FC,45.0677551,7.6824892
UD Almería,36.8414197,-2.4628135
Manchester City,53.48444404999999,-2.233399876786019
Birmingham City,52.4796992,-1.9026911
Blackburn Rovers,53.82810965,-2.458500225885032
VfL Wolfsburg,52.425327749999994,10.800167810739886
FC Schalke 04,51.4590087,7.0058295
Elche CF,38.2653307,-0.6988391
US Sassuolo,44.5409769,10.7829023
SD Eibar,43.1871069,-2.4656681
Stoke City,53.0162014,-2.1812607
Aston Villa,52.4796992,-1.9026911
Everton FC,53.4299288,-2.9618289
ACF Fiorentina,43.7698712,11.2555757
Hamburger SV,50.93944655,10.990836437248923
Borussia Dortmund,51.4772242,7.3731941
Watford FC,51.6570048,-0.4183683
Hellas Verona,45.4400499,10.9932788
Girona FC,41.86114585,2.7562874639992625
CD Leganés,40.3281942,-3.76527
AS Saint-Étienne,42.6721295,2.61944865957447
Zenit St. Petersburg,59.938732,30.316229
CA Osasuna,-51.9559266,-69.8912325
Wolverhampton Wanderers,52.568304,-2.1270239
SC Braga,-28.2216586,-49.288817
FC Famalicão,41.405509,-8.5294039
Getafe CF,40.3241172,-3.7109637555641455
Cádiz CF,36.5297438,-6.2928976
FC Barcelona,41.38039,2.1206365
Karlsruher SC,49.0178948,8.4115659
AS Cannes,-37.8294873,-57.5070515
Vitesse Arnhem,52.00993,5.8175382
Derby County,52.88570555,-1.4855140499999973
Gil Vicente FC,41.5314496,-8.6192306
Eintracht Frankfurt,50.066412299999996,8.649214746269115
AC Perugia,43.1038341,12.375578
Sheffield Wednesday,53.410927,-1.5012373
Reading FC,51.4230023,-0.9835677
Reggina Calcio,38.1035389,15.6397556
Udinese Calcio,46.0809238,13.1985844
União de Leiria,39.737240549999996,-8.80732295487287
Tom Tomsk,56.488712,84.952324
Saturn Ramenskoe,55.57761429999999,38.22701411939656
FK Khimki,55.8892847,37.4449896
Luch Vladivostok,43.15784805,131.93716872065897
CD Nacional,32.6496497,-16.9086783
Cagliari Calcio,39.2150503,9.1051687
Lokomotiv Moscow,55.803621,37.7459602
Delfino Pescara 1936,42.4646209,14.1908465
SSC Napoli,40.8576982,14.283053
Rubin Kazan,55.849288,49.086404928881535
UC Sampdoria,44.40726,8.9338624
GD Chaves,41.7399453,-7.471477
Rio Ave FC,41.3580981,-8.7475631
Akhmat Grozny,43.32320515,45.74525857729586
LOSC Lille,50.6365654,3.0635282
Spezia Calcio,44.10111705,9.807986314744142
SG Dynamo Dresden,51.07315505,13.711727525776993
Borussia Mönchengladbach,51.174624949999995,6.385409367871812
SV Werder Bremen,53.0670401,8.8387821
FC Metz,49.0812889,6.137621982487078
Shinnik Yaroslavl,57.63009925,39.868196257483646
Arminia Bielefeld,52.0313975,8.5171453
SC Freiburg,47.9889841,7.89220948446976
Real Valladolid CF,41.6508667,-4.729126
Racing Santander,43.475143349999996,-3.7916030734179778
US Lecce,40.152217300000004,18.2260628338229
Sunderland AFC,51.598085749999996,-0.01522779999999906
AC Venezia 1907,45.4371908,12.3345898
AS Livorno,42.79021905,10.340281392353766
Recreativo Huelva,37.3088792,-6.880845932799592
Genoa CFC,44.428096100000005,8.823820577420218
Xerez CD,-34.6403711,-58.5661074
Swansea City,51.6195955,-3.9459248
Spartak Moscow,55.81758845,37.44061063055868
Real Sociedad,43.307890400000005,-1.9742816856871923
PSV Eindhoven,51.4429685,5.4673877
Brighton & Hove Albion,50.82801135,-0.13340339912469973
Torino FC,44.9779934,7.6151806
Levante UD,8.2889473,-62.7309301
Leeds United,53.7775241,-1.5704677223479215
Leicester City,52.6232734,-1.1350487
CSKA Moscow,55.786561,37.5332007
West Bromwich Albion,52.517483,-2.0228242
Torpedo-ZiL Moskau,55.7504461,37.6174943
Kuban Krasnodar,44.94052205,41.24999967669057
Wigan Athletic,53.56376765,-2.6697897456986572
Blackpool FC,53.77493495,-3.047551917868039
1.FSV Mainz 05,50.000712199999995,8.245586475036514
Burgos CF,42.343926,-3.696977
Brescia Calcio,45.5986504,9.8839245
SD Compostela,42.8878813,-8.514676
Vitória Setúbal FC,-20.3012452,-40.306504
CF Estrela Amadora SAD,38.7595162,-9.223677009460125
AC Fiorentina,43.7698712,11.2555757
Milan AC,45.4668,9.1905
Newcastle United,54.9738474,-1.6131572
Queens Park Rangers,51.510754,-0.2300894
Anzhi Makhachkala,42.9830241,47.5048717
Granada CF,37.183054,-3.6021928
UD Salamanca (liq.),40.9651572,-5.6640182
Willem II Tilburg,51.5595894,5.0868953
FC Groningen,53.2331707,6.6082925
FC Utrecht,52.0787853,5.1440185
NAC Breda,51.5965817,4.750044605931031
NEC Nijmegen,51.8474946,5.8637771
MVV Maastricht,50.85798545,5.6969881818221095
RKC Waalwijk,51.687337150000005,5.017307939950269
Brentford FC,51.4876569,-0.3096825
AZ Alkmaar,52.6118491,4.740678260697572
ADO Den Haag,52.06272045,4.382043132668536
AC Reggiana,44.608664,10.594796841892734
MSV Duisburg,51.409118449999994,6.778601778060477
Foggia Calcio,41.443651349999996,15.570121853214342
Vicenza Calcio,45.28995595,11.548902534270185
US Cremonese,45.168436,9.890147
Piacenza FC,45.0521039,9.7063011
Atalanta BC,45.756655699999996,9.754219200862249
Fortuna Düsseldorf,51.1794261,6.827777
Bologna FC 1909,44.5143886,11.3293669
1.FC Kaiserslautern,49.4835722,7.7295479
Torino Calcio,45.025678400000004,7.667318029450371
Coventry City,52.4081812,-1.510477
Ipswich Town,52.0579495,1.1526345
Parma FC,44.8102701,10.3285405
ACD Treviso,45.806691349999994,12.206315763116372
US Palermo,38.1112268,13.3524434
West Ham United,51.52999955,0.02931796029382208
Chievo Verona,45.4575984,10.9464024
AC Cesena,44.1455039,12.2495058
Twente Enschede FC,52.2731092,6.8909813
Córdoba CF,37.8845813,-4.7760138
Hull City,53.7435722,-0.3394758
Benevento Calcio,41.1166126,14.7797903
SPAL 2013,44.766764249999994,11.827938995640167
Parma Calcio 1913,44.72375185,10.387136644791564
Frosinone Calcio,41.62825865,13.576331565277487
Stade Rennais FC,47.6360775,-2.9575461
1.FC Nuremberg,49.453872,11.077298
VfL Bochum,51.50484625,7.237639970351836
FC St. Pauli,53.5507957,9.9700752
Sparta Rotterdam,51.9194555,4.433550650698857
Hertha BSC,52.5199472,13.2446476
TSV 1860 Munich,48.138639749999996,11.674704705854225
FC Hansa Rostock,54.116005,12.0527635
TSG 1899 Hoffenheim,49.292695,8.817842
Hannover 96,52.3600088,9.731218627228575
Fulham FC,51.4827711,-0.19129634738989676
CS Marítimo,49.7859843,0.6389133444409973
FC Augsburg,48.3505276,10.8825098
RB Leipzig,51.34580205,12.34825456901218
Dynamo Moscow,55.7504461,37.6174943
Amiens SC,49.8940109,2.2975463
Stade Reims,49.24707575,4.024786888254141
SV Darmstadt 98,49.8921174,8.606306
Bristol City,51.4538022,-2.5972985
FC Energie Cottbus,51.734556850000004,14.322325430153391
SpVgg Unterhaching,48.0662249,11.6102245
FC Paços de Ferreira,41.2760689,-8.376875
FK Ufa,54.7378458,55.9777009
FK Orenburg,51.767452,55.097118
Nottingham Forest,37.3354209,-79.2580809
FK Krasnodar,45.5985424,38.92471660037907
Torpedo Moscow,55.7504461,37.6174943
FC Nantes,47.2562611,-1.5265330339864658
Cardiff City,51.4816546,-3.1791934
FC Toulouse,44.785356,-0.5664765
SG Wattenscheid 09,51.4817107,7.1356618
SpVgg Greuther Fürth,49.50079805,10.995901659139138
Valenciennes FC,50.3582694,3.5243291
Montpellier HSC,43.6112422,3.8767337
1.FC Saarbrücken,49.2332053,6.9988416
Bolton Wanderers,53.5794299,-2.515916282730622
Huddersfield Town,53.6565047,-1.7706174
CF Extremadura (diss.),39.1748426,-6.1529891
Gimnàstic de Tarragona,41.1172364,1.2546057
Académica Coimbra,40.2094643,-8.421286207038243
Charlton Athletic,42.13391075,-71.97148563829035
FC Den Bosch,51.7168738,5.2660881
Hércules CF,38.3570137,-0.4935985
UD Las Palmas,28.128874,-15.4349448
Dinamo Moscow,55.7897397,37.558208
Crystal Palace,51.4193664,-0.0711328
FC Empoli,44.13254,12.2253052
Torpedo-Metallurg Moskau,55.7504461,37.6174943
FK Rostov,47.234011,39.703235
FC Sochaux-Montbéliard,47.4640453,6.8469032
SC Farense,37.0162727,-7.9351771
SC Olhanense,37.0333298,-7.8418426
SC Bastia,42.7065505,9.452542
US Salernitana,40.419441649999996,15.310756230322482
FC Istres Ouest Provence,43.59269795,4.935953445893798
RC Lens,50.5590928,3.9033334
De Graafschap Doetinchem,51.97819565,6.303482252337847
SCO Angers,47.470283,-0.5539665
RC Strasbourg Alsace,48.55988055,7.753528131022529
Arsenal Tula,54.174538150000004,37.602531963556444
FC Crotone,39.0844972,17.1083723
Ural Yekaterinburg,56.839104,60.60825
Estoril Praia,38.70957065,-9.390136815849147
FC Martigues,43.39284309999999,5.02576802823355
SM Caen,39.5815972,2.6695972
EA Guingamp,48.5554926,-3.1433414
ES Troyes AC,48.2971626,4.0746257
AJ Auxerre,47.7883906,3.5855604
OGC Nice,43.6961258,7.2705797
Grenoble Foot 38,45.1713763,5.724695351878733
FC Lorient,47.7477336,-3.3660907
Calcio Catania,37.5131113,15.0849192
Chernomorets Novorossijsk,44.7239578,37.7690711
Naval 1º de Maio,40.16243,-8.8600476
Vitória Guimarães SC,41.4417677,-8.2955712
KFC Uerdingen 05,51.35126845,6.624079286894446
Luton Town,51.8825271,-0.4140848
SC Paderborn 07,51.7308218,8.7101284
KamAZ Naberezhnye Chelny,55.7308722,52.47411894589973
Barnsley FC,53.52396215,-1.6243924500000004
Eintracht Braunschweig,52.290123550000004,10.521464411633438
Norwich City,52.628606,1.29227
1.FC Union Berlin,52.4565294,13.5656261
Bayer 05 Uerdingen,51.35126845,6.624079286894446
SSV Ulm 1846,48.4042196,10.006529
Burnley FC,53.7907262,-2.2439196
Baltika Kaliningrad,54.71714525,20.491473454888244
Heracles Almelo,52.3450257,6.686884676985297
FC Ingolstadt 04,48.7633802,11.4243
Ancona Calcio,43.706705150000005,13.22968782714619
Roda JC Kerkrade,50.87489555,6.05938669638836
Krylya Sovetov Samara,53.198627,50.113987
AC Siena,43.1672254,11.467181161339118
Nîmes Olympique,43.8374249,4.3600687
VVV-Venlo,51.3688259,6.1698466
Union Sportive Valenciennes-Anzin Arrondissement,50.3703966,3.5020684
FC Tirsense,41.3405311,-8.4765309
LB Châteauroux,46.8096115,1.6994499174698872
Belenenses SAD,38.6996304,-9.2282995
CS Sedan-Ardennes,49.6948705,4.9301687
AS Nancy-Lorraine,48.678875250000004,6.177831971764853
Dijon FCO,47.3215806,5.0414701
SD Huesca,42.1422217,-0.4170419
Genoa 1893,44.40726,8.9338624
AS Bari,41.1257843,16.8620293
Modena FC,44.5384728,10.935960870530739
FC Messina Peloro,38.239487,15.4942651
PEC Zwolle,52.517052,6.1198816
Dordrecht'90,51.7958812,4.6779351
FC Volendam,52.4963759,5.0682736
FC Zwolle,52.5050086,6.0912373
RBC Roosendaal,51.536606,4.4659483
SC Heerenveen,52.95865955,5.936125486070628
Cambuur-Leeuwarden bvo,53.2042392,5.8114492
Terek Grozny,43.3197031,45.6934308
SKA Khabarovsk,48.481403,135.076935
Calcio Padova,45.4384361,11.8588367
SC Beira-Mar,40.640496,-8.6537841
Millwall FC,51.4933423,-0.0212187
SBV Excelsior Rotterdam,51.9228934,4.4631786
Go Ahead Eagles Deventer,52.2695736,6.236339604766698
AC Le Havre,49.4938975,0.1079732
Real Murcia CF,37.6205064,-0.8768937
Amkar Perm,58.0131709,56.2394578
Desportivo Aves,41.3668263,-8.411702206566895
Wimbledon FC,51.4220721,-0.2052902
Spartak Nalchik,43.46963835,43.59063434548298
SC Salgueiros,41.1696899,-8.5987601
SC Espinho,40.640496,-8.6537841
Moreirense FC,41.377986500000006,-8.354531807496363
Asmaral Moskau,55.7504461,37.6174943
Rotor Volgograd,50.11639685,45.37567428743077
Dinamo-Gazovik Tyumen,57.153534,65.542274
FK Tyumen,57.153534,65.542274
Uralan Elista,46.30751505,44.24801960043584
Plymouth Argyle,50.3712659,-4.1425658
Preston North End,51.9644503,-1.0440564
Alania Vladikavkaz,43.024593,44.68211
Le Mans Union Club 72,48.00915005,0.16296750000000076
Como Calcio,45.8270602,9.225458541387681
SPAL,44.766764249999994,11.827938995640167
Carpi FC 1909,44.7835699,10.8854523
Sporting Club de Toulon et du Var,43.1257311,5.9304919
FC Évian Thonon Gaillard,46.3794729,6.4978713
Oldham Athletic,53.4794892,-2.2451148
Doncaster Rovers,53.51993775,-1.0699061991145578
Sheffield United,53.3806626,-1.4702278
FC Arouca,41.677667,-8.225322
AC Ajaccio,41.9263991,8.7376029
Stade Brest 29,48.3394373,-4.7246296
FC Alverca,38.890609350000005,-9.033415911785056
Ascoli Calcio 1898,42.8537246,13.580707
AFC Bournemouth,50.734637899999996,-1.839613801247116
FC Gueugnon,48.9092931,2.4800237
CD Trofense,41.3212583,-8.540131681405015
Association Troyes Aube Champagne,45.831944,-0.906667
Novara Calcio 1908,45.7571593,8.4179926
Leça FC,41.20336525,-8.688768475333607
Varzim SC,41.379538600000004,-8.759947889752203
SC Campomaiorense,-4.8339574,-42.1739786
CD Santa Clara,37.7394344,-25.6683618
FC Penafiel,41.6117041,-4.0642902
CD Tondela,40.51642,-8.08053
Portimonense SC,37.1303607,-8.5392603
FC Felgueiras 1932,41.3647716,-8.1989321
Bradford City,53.7944229,-1.7519186
CD Feirense,40.9271044,-8.5466116
Leixões SC,41.189920099999995,-8.684713239465417
VfB Leipzig,51.2179978,12.317566970605307
Swindon Town,51.5656526,-1.7858762
Peterborough United,52.5725769,-0.2427336
Rotherham United,53.428667399999995,-1.37086941594138
Colchester United,51.9227518,0.9028118
Scunthorpe United,53.57670015,-0.6561753273804706
Wycombe Wanderers,51.66356185,-0.818083680966309
Burton Albion,52.808939550000005,-1.6629848480638976
Rostselmash Rostov,47.258456249999995,39.7605319946269
Ocean Nakhodka,42.8246489,132.8926
Tekstilshchik Kamyshin,50.0808422,45.4048003
Zhemchuzhina Sochi,43.5708419,39.73134404449097
Fakel Voronezh,51.6605982,39.2005858
Spartak Vladikavkaz,43.0229779,44.69435354341478
Volga Nizhniy Novgorod,56.328571,44.003506
Lada Togliatti,53.4500592,49.5445633
Spartak-Alania Vladikavkaz,43.0229779,44.69435354341478
Lokomotiv Nizhniy Novgorod,56.309646900000004,43.929649326693024
Sokol Saratov,51.560133,46.06455543975291
Milton Keynes Dons,52.0460472,-0.7466835
Southend United,51.54684065,0.7420238613951848
FC Emmen,52.75286615,6.952513466208563
CF União Madeira,41.5396572,-8.7082509
SC Cambuur-Leeuwarden,53.205765400000004,5.817726042095444
Alemannia Aachen,50.79122835,6.1098504574529
US Boulogne,46.7947224,-1.3210389
Uralmash Ekaterinburg,56.8895259,60.5906778
Sibir Novosibirsk,55.6556132,84.4581725
FK Tosno,59.5412777,30.8773645
Gazovik Orenburg,51.7559711,55.06889057502566
FC Sochi,43.5854823,39.723109
Colo Colo,-33.4998385,-71.0048533
Hajduk Kula,45.60966585,19.528322238023556
RAEC Mons,50.4612987,3.9651871178408693
Kalmar FF,54.4400973,16.391518753836852
Korona Kielce,50.861507450000005,20.624793262806847
Wolfsberger AC,48.216141,16.3143023
Mouscron,50.7433351,3.2139093
Halmstad,56.6739826,12.8574827
Peñarol,-34.8291967,-56.1981622
Toluca,19.292545,-99.6569007
Rapid Vienna,48.1993433,16.3146307
CF Pachuca,20.1165413,-98.7413535
Újpest FC,47.5749234,19.084637976521197
FC Viitorul,44.4393833,26.15399072278608
Guarani,-21.35876,-43.0481021
Avaí FC,-29.1602344,-51.5202061
Lausanne-Sport,46.5335435,6.6257723
Dinamo Bucarest,44.45507615,26.102311000422617
Petrolul,44.9151124,26.0403397
Red Star,33.7126065,-87.1213886
Örgryte,57.6976681,12.0037036
Kocaelispor,40.8216536,29.9507184
Morton,37.1960735,-101.8099541
Grêmio,-7.772171,-34.9046316
Haladás,45.9188203,19.7525554
Corinthians,14.7384045,121.0715604
Grodzisk,52.5839704,22.7384197
Lyngby BK,57.0084728,10.2650067
Servette FC,46.2134278,6.1302399
Bodø/Glimt,46.2134278,6.1302399
Pandurii,45.582734,25.4583059
Hammarby,60.545057,16.5739451
Falkirk FC,56.0282261,-3.8146713962554957
Dnipro,51.9191343,30.8243039
Denizlispor,37.7885715,28.981864433532586
NK Lokomotiva,46.5619092,15.6572084
Bragantino,-6.415162,-40.233331
Boston River,42.3747998,-71.0023192
Samsunspor,41.2768621,36.3558733
Platanias,35.368271,24.5327616
Norrköping,58.5909124,16.1903511
Altay SK,38.7196878,35.477986
Panthrakikos,38.7196878,35.477986
Mogi Mirim,-22.433009,-46.9581629
Örebro SK,59.2747287,15.2151181
FC Copenhagen,55.6867243,12.5700724
Santos FC,-23.6138553,-46.6504624
Sounders FC,38.8470956,0.1116608
Tampa Bay,27.6886419,-82.5723193
FC Voluntari,44.4872332,26.2164071
FC Vaslui,46.6265431,27.7270781
CFR Cluj,46.7744926,23.5915483
Grazer AK,47.108826500000006,15.400662109922674
Standard Liège,50.6108051,5.5446919
Jönköping,57.7825634,14.165719
KRC Genk,51.005855100000005,5.528853852192354
Wisla Plock,52.560519799999994,19.64735685038
Vålerenga,59.9076477,10.7872813
Besiktas,41.0428465,29.0075283
Vélez Sarsfield,-34.6311961,-58.4925556
Defensor,-25.3322468,-57.5762922
Gaziantepspor,-25.3322468,-57.5762922
Honvéd FC,48.4598073,18.8910273
GAIS,46.8331565,11.9474837
Danubio FC,44.1238124,12.4013866
Ergotelis,35.3084749,24.463320724202934
FC U Craiova,44.3190159,23.7965614
PAS Giannina,39.666757000000004,20.84855325514974
NK Zadar,44.149188300000006,15.585197849999997
FC Kärnten,46.594926,14.092288317942732
Jagodina,43.9794256,21.2607688
RNK Split,43.5116383,16.4399659
FC Luzern,47.1254336,8.1910157
Falkenberg,49.0487769,6.5958205
Randers FC,56.4663966,10.0094087
Trabzonspor,40.8956723,29.1663071
Elfsborg,59.1707295,17.1887958
OFI Crete,35.3084749,24.463320724202934
Ceará SC,-28.6876183,-49.3532423
Olympiacos,9.008641650000001,38.76842017387392
Grödig,47.7401445,13.0394938
BSC Young Boys,-34.6075682,-58.4370894
Kaposvár,46.3564692,17.7886886
Club Brugge,51.2085526,3.226772
CA Talleres,13.6763037,-89.24867172086253
Start,70.835076,113.6553362
FC Sion,46.2274616,7.3593303
RB Salzburg,48.7226435,12.2018646
KV Mechelen,51.04079625,4.480933251810142
Ponte Preta,-27.6577598,-52.4895431
Helsingborg,56.0441984,12.7040684
Metalist,47.8249687,38.2996095
Boca Juniors,-34.7400108,-56.4562301
Aberdeen FC,57.1490713,-2.2569579847332815
Argentinos Jrs.,-34.6075682,-58.4370894
Austria Kärnten,46.7500001,13.8333333
FC Aarau,47.3706677,8.0712791
Esbjerg fB,55.467837,8.4582375
Piast Gliwice,50.31943675,18.667141199999996
Racing Club,-34.668016800000004,-58.36890281082131
Atlas,31.0596827,-7.9000092
Xamax,48.1544659,17.1445581
Atlanta United,33.710511,-84.36899652238671
Palmeiras,-12.5151234,-41.5746054
Proleter,44.81002805,19.264772824958925
River Plate,-34.8629805,-57.3279806
Royal Antwerp,51.1904235,5.1177266
Radnicki K.,43.3263777,21.9002124
Raith Rovers,56.0998391,-3.168495122857764
FC Basel,47.5335661,7.61775465
FC Tirol,47.211099700000005,11.204834450000007
Huracán,-31.3936835,-57.9539431
Zulte Waregem,50.9045916,3.447969
León,42.63414505,-5.971415104539984
Vila Nova FC,-32.0773532,-52.2541502
Karpaty,47.0005707,25.5017192
LASK,48.7,21.85
Trelleborg,55.37592,13.1461522
Kansas,38.27312,-98.5821872
Dinamo Zagreb,45.881670650000004,16.405682092972143
Monarcas Morelia,45.881670650000004,16.405682092972143
Monterrey,25.6802019,-100.3152586
Kamen Ingrad,45.44070545,17.663437341124315
Dundee FC,56.4779715,-3.003739093774766
Defensa,14.7523756,-87.8415191
Partizan,45.190334699999994,28.93934852288808
Náutico,-34.1612199,-71.4823734
IFK Göteborg,57.7062286,11.9792409
Yverdon-Sport,46.7794472,6.6249359
Juventud,21.691097550000002,-82.81558555567702
Lillestrøm SK,59.9534148,11.0451526
Stirling,56.1181242,-3.9360012
York City,53.9590555,-1.0815361
Chivas USA,31.50707835,-110.9376383191243
Rafaela,-31.2526923,-61.4916758
Rosenborg BK,55.6856935,12.57741988857417
Panathinaikos,37.9836417,23.7303633
Hajduk Split,43.5125672,16.4417253
Landskrona,55.8698007,12.8296734
Alanyaspor,36.5472591,32.0011182
SK Brann,60.3669417,5.35744586786647
Vasco da Gama,15.398403,73.8129178
Stabæk Fotball,57.4860078,10.4185677
RSC Anderlecht,50.8390983,4.3296526
Akhisar Belediye,37.9637489,29.1046138
Viking FK,59.1020129,5.712611357275702
Flamengo,-22.9339841,-43.1745744
Panionios,37.9839412,23.7283052
Sint-Truiden,50.82694775,5.203424911603399
Odds BK,59.2662883,9.531135447537467
Crewe Alexandra,53.087402049999994,-2.4357333233230793
Cobreloa,19.290011,-99.1360621
AC Horsens,55.8711047,9.8584354
KSK Beveren,51.25423065,4.286062140980638
Sarpsborg 08,59.2838792,11.1096115
Tiburones Rojos,19.333333,-96.666667
Tromsø IL,69.649208,18.9543434
AEK Athens,38.03711075,23.741510297404616
FC Wacker,52.478570500000004,13.84949144168148
CD Cruz Azul,25.6538059,-100.2824454
KSV Roeselare,50.952026599999996,3.1054453000000004
Mjällby,56.0472695,14.6780706
Asteras Tripoli,32.896672,13.1777923
Godoy Cruz,-32.9244708,-68.8449978
Viborg FF,60.7157648,28.7518913
Hibernian FC,55.9620132,-3.1667026
Cercle Brugge,51.2085526,3.226772
Española,18.77858115,-70.5427697709766
Zalaegerszeg,46.8415803,16.8456316
Houston,29.7589382,-95.3676974
Quilmes,-34.7303025,-58.268868
NK Zagreb,45.86993185,16.160267191820402
CA Fénix,33.5253614,-117.6205881
KAA Gent,51.0912286,3.7648545385223047
Sivasspor,39.7281756,36.9860941
Wisla Kraków,50.05238105,20.056939693375973
Kayserispor,38.76563675,35.459248823758955
FC St. Gallen,47.4231739,9.3696839
FC Zürich,47.411151149999995,8.55509582316521
Strømsgodset,59.7401169,10.1732558
Vojvodina,45.4094426,19.976249203097026
Rentistas,-17.387798,-66.1617108
Brommapojkarna,59.3251172,18.0710935
Juventude,-29.2512795,-51.540521
Olimpo,-20.5,-59.166667
Necaxa,20.2384753,-97.8259207
FC Wil 1900,47.59378305,7.596947417287699
Aalesund,57.4944042,-1.801801
Odense BK,55.3924712,10.4423366
Coritiba FC,-16.7345465,-49.2823052
MTK Budapest,47.50687625,19.017668192477643
Audax Italiano,-27.411881,-70.27875
Figueirense FC,-27.68664325,-48.66927406939402
CD Guadalajara,25.7621725,-100.2537215
FC Dallas,33.1563511,-96.8349355
O'Higgins,-48.47302585,-72.84749314466745
Bursaspor,40.2130028,29.0150066
Östersund,63.1793655,14.6357061
KAS Eupen,50.6263696,6.045396
SV Ried,48.28974945,11.049903136230254
Chicago Fire,38.5748436,-121.47386915
Silkeborg IF,56.1839558,9.5760325
Aalborg BK,51.8509736,4.5123099
Austria Vienna,48.2083537,16.3725042
KV Oostende,51.26139535,3.026645227506945
São Paulo,-23.5506507,-46.6333824
Tigre,-34.4226513,-58.5808967
Belgrano,-34.5613076,-58.4565454
Indios,18.0097585,-66.8144021
Galatasaray,41.0324757,28.9735828
Haugesund,59.4138214,5.2680735
Górnik Zabrze,50.2960753,18.7671535
Sturm Graz,47.030382,15.4918804
Antalyaspor,40.4230725,49.8437124
Livingston FC,42.450508,-83.799794
Club Tijuana,32.5010188,-116.9646629
Fluminense,-14.8852644,-40.8395736
Bryne FK,58.7333088,5.6503503
Polonia Bytom,50.3657432,18.87153251609449
Mordovia Saransk,54.18671,45.18383
FC Thun,46.7471545,7.610445299162559
Estudiantes,2.1144908,-76.9836691
FCSB,44.3411304,26.151017402631034
HNK Rijeka,45.3271752,14.4412309
Konyaspor,37.9462026,32.4868739
Assyriska FF,57.6505019,11.903987
Ross County,39.3455507,-83.077359
Lanús,-34.7033363,-58.3953235
Amica Wronki,52.708463949999995,16.38900906958682
Motherwell FC,55.7916266,-3.9943047
Huachipato FC,-33.4871548,-70.5957562
Revolution,-4.40267785,15.348493628486647
FC Midtjylland,55.831096,9.830284
Zawisza,53.1433519,18.0135833
Independiente,-11.0405037,-74.9167934
Salt Lake,40.6632297,-111.9103124
Lierse SK,51.12846305,4.569511799310554
Slaven Belupo,46.162359,16.8308094
Iraklis,35.2891709,25.436371
Dynamo Kyiv,50.45067014999999,30.531335059760703
KV Kortrijk,50.45067014999999,30.531335059760703
Paraná,-24.4842187,-51.8148872
Malmö FF,58.3856895,24.502167
OFK Beograd,44.8178131,20.4568974
FC Lugano,46.0050102,8.9520281
Jaguares,43.34691805,-3.856773862272787
Jagiellonia,53.1265419,23.1499618
Smederevo,44.6651048,20.9271115
GIF Sundsvall,62.3907552,17.3071024
Internacional,32.4824522,-117.0015811
Tigres UANL,25.9174965,-100.1414589309262
Dumbarton FC,55.9432443,-4.5708479
Dundee United,56.47467425,-2.96895017854558
Newell's,51.972743,-0.2023469
Debrecen,47.531399,21.6259782
Ferencváros,47.4653558,19.0903564
Molde,62.7378836,7.1589568
D.C. United,42.2636949,-104.7287973
AC Bellinzona,46.2599904,9.0179532
Kilmarnock FC,55.6123464,-4.498786
Chapecoense,5.9831683,-75.4169605
Admira Wacker,48.0855922,16.2833526
Fredrikstad,59.2133614,10.9361604
SV Mattersburg,47.7393584,16.4064279
Häcken,57.7399766,11.9480878
NK Osijek,45.30148935,18.416878488969743
Santos Laguna,-6.1255962,-79.1303892
